title,full_url,post_time
出惠普 M28w镭射打印机,www.vansky.com/info/adfree/1664364.html,25分钟前
title,full_url,post_time
出惠普 M28w镭射打印机,www.vansky.com/info/adfree/1664364.html,26分钟前
title,full_url,post_time
出惠普 M28w镭射打印机,www.vansky.com/info/adfree/1664364.html,27分钟前
title,full_url,post_time
出惠普 M28w镭射打印机,www.vansky.com/info/adfree/1664364.html,27分钟前
title,full_url,post_time
出惠普 M28w镭射打印机,www.vansky.com/info/adfree/1664364.html,28分钟前
title,full_url,post_time
出惠普 M28w镭射打印机,www.vansky.com/info/adfree/1664364.html,43分钟前
title,full_url,post_time
出惠普 M28w镭射打印机,www.vansky.com/info/adfree/1664364.html,46分钟前
title,full_url,post_time
出惠普 M28w镭射打印机,www.vansky.com/info/adfree/1664364.html,56分钟前
